Deze is geen deel van de database, maar wel handig om verschil in functionaliteit te testen tussen member, boardmember,...
id_nummer;password
1;test123
001025;QTR582
002025;LPK903
003025;VNS447
004025;HJG120
005025;RMW774
006005;TYC338
111025;WQD915
112025;KFB662
121025;ZLM204
122025;BCR591
131025;NDX730
132025;PHA886
141025;JVE413
142025;SMQ257
201025;YKT649
202025;GWN501
203025;XBU942
204025;CJE775
205025;DQL168
206025;FZO329
207025;MPD682
208025;RKC940
209025;TGV516
210025;WSH703
211025;ZXP184
212025;BNL352
213025;HFR782
214025;LQS591
215025;VJG447
216025;JTA903
217025;CKW228
218025;SDM664
219025;KRV117
220025;PMX983
221025;YHF506
222025;QBL379
223025;NRT240
224025;GJK815
225025;VXD632
226025;HCM195
227025;PQS408
228025;TYL927
229025;WNM561
230025;ZKV334
231025;BJD789
232025;FHT246
233025;LCP618
234025;RQB502
235025;XMG937
236025;SZN164
237025;YWP830
238025;DKF279
239025;HJX641
240025;QNL753
241025;PTV918
242025;GWR384
243025;VKS560
244025;LZM127
245025;BQC495
246025;NJD862
247025;RTH309
248025;XFP176
249025;SVM428
250025;YKD691
251025;HDJ507
211024;PQL832
212024;TKW249
213024;WZV915
214024;CGR603
215024;LHF781
216024;BJV492
217024;QMK268
218024;NRD935
219024;GXT417
220024;VJP689
256024;HLB524
289024;PWF376
299024;TQK843
201024;WZM260
202024;CXH197
265023;LVR958
299023;BFD302
214023;NJQ714
215023;RXT529
216023;YKS486
217023;DHG130
218023;PFM874
219023;TLC695
220023;WNB241
221023;ZQV308
214022;BKP962
215022;LJD417
216022;QMH283
217022;NRV650
218022;GFB175
219022;VZT908
220022;HLC324
221022;PQN581
301025;TWB736
302025;WXK409
401023;CZV261
402024;LGT874
411022;BHR395
442023;NXP608
